"","pop_2025_projected","pop_number_children_u5","pop_number_pw","admin_number_states","admin_number_lgas","admin_number_wards","currency","scenario","full_cost","cost_per_person"
"1",258169500.52052,41534537.6826851,12908475.026026,37,774,8801,"Naira","scenario 1",1936183242872,7499.65909593611
"2",258169500.52052,41534537.6826851,12908475.026026,37,774,8801,"USD","scenario 1",1210114527,4.68728693575412
