"pop_2025_projected","currency","full_cost","cost_per_person"
258169500.52052,"Naira",1734721651039.99,6719.3128837545
258169500.52052,"USD",1084201031.9,4.19957055234656
