"pop_2025_projected","currency","full_cost","cost_per_person"
258169500.52052,"Naira",1782113496425.86,6902.88160620357
258169500.52052,"USD",1113820935.26617,4.31430100387726
