"pop_2025_projected","currency","full_cost","cost_per_person"
258169500.52052,"Naira",1836403471525.66,7113.16971146132
258169500.52052,"USD",1147752169.70354,4.44573106966333
